ts_event,event_type,description
2025-10-01 10:11:45,GRADE_CHANGE,GSM80 → GSM100
2025-10-01 14:24:45,GRADE_CHANGE,GSM100 → GSM120
2025-10-01 20:49:15,GRADE_CHANGE,GSM120 → GSM80
2025-10-01 22:54:45,GRADE_CHANGE,GSM80 → GSM100
2025-10-02 03:18:30,GRADE_CHANGE,GSM100 → GSM120
2025-10-02 05:21:15,GRADE_CHANGE,GSM120 → GSM80
2025-10-02 07:26:45,GRADE_CHANGE,GSM80 → GSM100
2025-10-02 11:37:15,GRADE_CHANGE,GSM100 → GSM120
2025-10-02 15:52:15,GRADE_CHANGE,GSM120 → GSM80
2025-10-02 20:03:30,GRADE_CHANGE,GSM80 → GSM100
2025-10-02 22:06:15,GRADE_CHANGE,GSM100 → GSM120
2025-10-03 04:27:00,GRADE_CHANGE,GSM120 → GSM80
2025-10-03 08:42:30,GRADE_CHANGE,GSM80 → GSM100
2025-10-03 10:47:15,GRADE_CHANGE,GSM100 → GSM120
2025-10-03 12:53:45,GRADE_CHANGE,GSM120 → GSM80
2025-10-03 17:04:45,GRADE_CHANGE,GSM80 → GSM100
2025-10-03 19:11:45,GRADE_CHANGE,GSM100 → GSM120
2025-10-03 23:26:30,GRADE_CHANGE,GSM120 → GSM80
2025-10-04 03:38:15,GRADE_CHANGE,GSM80 → GSM100
2025-10-04 05:44:30,GRADE_CHANGE,GSM100 → GSM120
2025-10-04 09:57:00,GRADE_CHANGE,GSM120 → GSM80
2025-10-04 12:06:30,GRADE_CHANGE,GSM80 → GSM100
2025-10-04 16:22:30,GRADE_CHANGE,GSM100 → GSM120
2025-10-04 18:28:15,GRADE_CHANGE,GSM120 → GSM80
2025-10-04 22:39:00,GRADE_CHANGE,GSM80 → GSM100
2025-10-05 02:51:00,GRADE_CHANGE,GSM100 → GSM120
2025-10-05 04:57:30,GRADE_CHANGE,GSM120 → GSM80
2025-10-05 09:08:00,GRADE_CHANGE,GSM80 → GSM100
2025-10-05 13:23:30,GRADE_CHANGE,GSM100 → GSM120
2025-10-05 15:31:00,GRADE_CHANGE,GSM120 → GSM80
2025-10-05 19:40:30,GRADE_CHANGE,GSM80 → GSM100
2025-10-05 21:45:45,GRADE_CHANGE,GSM100 → GSM120
2025-10-05 23:52:00,GRADE_CHANGE,GSM120 → GSM80
2025-10-06 06:10:30,GRADE_CHANGE,GSM80 → GSM100
2025-10-06 10:23:15,GRADE_CHANGE,GSM100 → GSM120
2025-10-06 14:42:45,GRADE_CHANGE,GSM120 → GSM80
2025-10-06 18:58:15,GRADE_CHANGE,GSM80 → GSM100
2025-10-06 21:00:45,GRADE_CHANGE,GSM100 → GSM120
2025-10-07 01:05:30,GRADE_CHANGE,GSM120 → GSM80
2025-10-07 05:17:00,GRADE_CHANGE,GSM80 → GSM100
2025-10-07 07:22:15,GRADE_CHANGE,GSM100 → GSM120
2025-10-07 09:25:30,GRADE_CHANGE,GSM120 → GSM80
2025-10-07 11:35:15,GRADE_CHANGE,GSM80 → GSM100
2025-10-07 17:57:15,GRADE_CHANGE,GSM100 → GSM120
2025-10-07 20:03:15,GRADE_CHANGE,GSM120 → GSM80
2025-10-08 00:11:15,GRADE_CHANGE,GSM80 → GSM100
2025-10-08 04:27:45,GRADE_CHANGE,GSM100 → GSM120
2025-10-08 06:37:15,GRADE_CHANGE,GSM120 → GSM80
2025-10-08 10:55:00,GRADE_CHANGE,GSM80 → GSM100
2025-10-08 15:09:45,GRADE_CHANGE,GSM100 → GSM120
2025-10-08 19:20:15,GRADE_CHANGE,GSM120 → GSM80
2025-10-08 23:43:00,GRADE_CHANGE,GSM80 → GSM100
2025-10-09 05:54:00,GRADE_CHANGE,GSM100 → GSM120
2025-10-09 10:02:45,GRADE_CHANGE,GSM120 → GSM80
2025-10-09 14:11:15,GRADE_CHANGE,GSM80 → GSM100
2025-10-09 18:22:00,GRADE_CHANGE,GSM100 → GSM120
2025-10-09 20:28:15,GRADE_CHANGE,GSM120 → GSM80
2025-10-09 22:32:30,GRADE_CHANGE,GSM80 → GSM100
2025-10-10 02:45:45,GRADE_CHANGE,GSM100 → GSM120
2025-10-10 04:51:45,GRADE_CHANGE,GSM120 → GSM80
2025-10-10 09:10:15,GRADE_CHANGE,GSM80 → GSM100
2025-10-10 11:18:30,GRADE_CHANGE,GSM100 → GSM120
2025-10-10 15:33:15,GRADE_CHANGE,GSM120 → GSM80
2025-10-10 19:44:00,GRADE_CHANGE,GSM80 → GSM100
2025-10-10 21:49:45,GRADE_CHANGE,GSM100 → GSM120
2025-10-11 02:08:45,GRADE_CHANGE,GSM120 → GSM80
2025-10-11 04:12:45,GRADE_CHANGE,GSM80 → GSM100
2025-10-11 08:25:30,GRADE_CHANGE,GSM100 → GSM120
2025-10-11 10:28:15,GRADE_CHANGE,GSM120 → GSM80
2025-10-11 16:45:15,GRADE_CHANGE,GSM80 → GSM100
2025-10-11 21:01:30,GRADE_CHANGE,GSM100 → GSM120
2025-10-11 23:08:45,GRADE_CHANGE,GSM120 → GSM80
2025-10-12 01:21:30,GRADE_CHANGE,GSM80 → GSM100
2025-10-12 07:48:30,GRADE_CHANGE,GSM100 → GSM120
2025-10-12 12:01:30,GRADE_CHANGE,GSM120 → GSM80
2025-10-12 16:15:00,GRADE_CHANGE,GSM80 → GSM100
2025-10-12 20:29:15,GRADE_CHANGE,GSM100 → GSM120
2025-10-12 22:32:15,GRADE_CHANGE,GSM120 → GSM80
2025-10-13 02:46:00,GRADE_CHANGE,GSM80 → GSM100
2025-10-13 04:50:30,GRADE_CHANGE,GSM100 → GSM120
2025-10-13 09:05:30,GRADE_CHANGE,GSM120 → GSM80
2025-10-13 13:17:15,GRADE_CHANGE,GSM80 → GSM100
2025-10-13 15:21:45,GRADE_CHANGE,GSM100 → GSM120
2025-10-13 17:27:30,GRADE_CHANGE,GSM120 → GSM80
2025-10-13 21:36:45,GRADE_CHANGE,GSM80 → GSM100
2025-10-13 23:44:15,GRADE_CHANGE,GSM100 → GSM120
2025-10-14 04:05:15,GRADE_CHANGE,GSM120 → GSM80
2025-10-14 08:19:45,GRADE_CHANGE,GSM80 → GSM100
2025-10-14 14:40:45,GRADE_CHANGE,GSM100 → GSM120
2025-10-14 16:47:30,GRADE_CHANGE,GSM120 → GSM80
2025-10-14 21:07:45,GRADE_CHANGE,GSM80 → GSM100
2025-10-15 01:20:15,GRADE_CHANGE,GSM100 → GSM120
2025-10-15 05:37:00,GRADE_CHANGE,GSM120 → GSM80
2025-10-15 09:52:45,GRADE_CHANGE,GSM80 → GSM100
2025-10-15 14:09:30,GRADE_CHANGE,GSM100 → GSM120
2025-10-15 18:17:45,GRADE_CHANGE,GSM120 → GSM80
2025-10-15 20:27:45,GRADE_CHANGE,GSM80 → GSM100
2025-10-16 00:44:00,GRADE_CHANGE,GSM100 → GSM120
2025-10-16 02:44:00,GRADE_CHANGE,GSM120 → GSM80
2025-10-16 04:50:00,GRADE_CHANGE,GSM80 → GSM100
2025-10-16 06:52:00,GRADE_CHANGE,GSM100 → GSM120
2025-10-16 11:05:45,GRADE_CHANGE,GSM120 → GSM80
2025-10-16 15:20:45,GRADE_CHANGE,GSM80 → GSM100
2025-10-16 17:31:45,GRADE_CHANGE,GSM100 → GSM120
2025-10-16 23:52:15,GRADE_CHANGE,GSM120 → GSM80
2025-10-17 02:05:45,GRADE_CHANGE,GSM80 → GSM100
2025-10-17 06:18:00,GRADE_CHANGE,GSM100 → GSM120
2025-10-17 10:39:00,GRADE_CHANGE,GSM120 → GSM80
2025-10-17 12:43:45,GRADE_CHANGE,GSM80 → GSM100
2025-10-17 14:48:45,GRADE_CHANGE,GSM100 → GSM120
2025-10-17 19:06:30,GRADE_CHANGE,GSM120 → GSM80
2025-10-17 21:17:00,GRADE_CHANGE,GSM80 → GSM100
2025-10-18 01:34:30,GRADE_CHANGE,GSM100 → GSM120
2025-10-18 05:45:00,GRADE_CHANGE,GSM120 → GSM80
2025-10-18 09:58:30,GRADE_CHANGE,GSM80 → GSM100
2025-10-18 16:23:30,GRADE_CHANGE,GSM100 → GSM120
2025-10-18 20:35:45,GRADE_CHANGE,GSM120 → GSM80
2025-10-18 22:45:00,GRADE_CHANGE,GSM80 → GSM100
2025-10-19 05:12:00,GRADE_CHANGE,GSM100 → GSM120
2025-10-19 07:19:15,GRADE_CHANGE,GSM120 → GSM80
2025-10-19 13:33:00,GRADE_CHANGE,GSM80 → GSM100
2025-10-19 17:44:45,GRADE_CHANGE,GSM100 → GSM120
2025-10-19 19:53:15,GRADE_CHANGE,GSM120 → GSM80
2025-10-19 22:01:30,GRADE_CHANGE,GSM80 → GSM100
2025-10-20 02:23:45,GRADE_CHANGE,GSM100 → GSM120
2025-10-20 04:27:45,GRADE_CHANGE,GSM120 → GSM80
2025-10-20 10:51:00,GRADE_CHANGE,GSM80 → GSM100
2025-10-20 15:06:00,GRADE_CHANGE,GSM100 → GSM120
2025-10-20 17:10:30,GRADE_CHANGE,GSM120 → GSM80
2025-10-20 21:19:15,GRADE_CHANGE,GSM80 → GSM100
2025-10-20 23:28:45,GRADE_CHANGE,GSM100 → GSM120
2025-10-21 03:42:45,GRADE_CHANGE,GSM120 → GSM80
2025-10-21 05:47:15,GRADE_CHANGE,GSM80 → GSM100
2025-10-21 07:56:45,GRADE_CHANGE,GSM100 → GSM120
2025-10-21 14:10:30,GRADE_CHANGE,GSM120 → GSM80
2025-10-21 16:12:30,GRADE_CHANGE,GSM80 → GSM100
2025-10-21 20:26:00,GRADE_CHANGE,GSM100 → GSM120
2025-10-22 00:37:45,GRADE_CHANGE,GSM120 → GSM80
2025-10-22 04:53:15,GRADE_CHANGE,GSM80 → GSM100
2025-10-22 09:02:00,GRADE_CHANGE,GSM100 → GSM120
2025-10-22 13:08:15,GRADE_CHANGE,GSM120 → GSM80
2025-10-22 17:16:30,GRADE_CHANGE,GSM80 → GSM100
2025-10-22 19:26:15,GRADE_CHANGE,GSM100 → GSM120
2025-10-22 23:40:15,GRADE_CHANGE,GSM120 → GSM80
2025-10-23 01:52:30,GRADE_CHANGE,GSM80 → GSM100
2025-10-23 04:02:30,GRADE_CHANGE,GSM100 → GSM120
2025-10-23 08:14:45,GRADE_CHANGE,GSM120 → GSM80
2025-10-23 12:33:00,GRADE_CHANGE,GSM80 → GSM100
2025-10-23 14:34:15,GRADE_CHANGE,GSM100 → GSM120
2025-10-23 18:49:45,GRADE_CHANGE,GSM120 → GSM80
2025-10-23 23:03:00,GRADE_CHANGE,GSM80 → GSM100
2025-10-24 01:09:30,GRADE_CHANGE,GSM100 → GSM120
2025-10-24 03:17:45,GRADE_CHANGE,GSM120 → GSM80
2025-10-24 07:27:30,GRADE_CHANGE,GSM80 → GSM100
2025-10-24 13:58:30,GRADE_CHANGE,GSM100 → GSM120
2025-10-24 16:07:45,GRADE_CHANGE,GSM120 → GSM80
2025-10-24 20:35:00,GRADE_CHANGE,GSM80 → GSM100
2025-10-25 00:54:00,GRADE_CHANGE,GSM100 → GSM120
2025-10-25 02:58:15,GRADE_CHANGE,GSM120 → GSM80
2025-10-25 09:19:45,GRADE_CHANGE,GSM80 → GSM100
2025-10-25 11:28:45,GRADE_CHANGE,GSM100 → GSM120
2025-10-25 15:47:30,GRADE_CHANGE,GSM120 → GSM80
2025-10-25 20:04:30,GRADE_CHANGE,GSM80 → GSM100
2025-10-26 00:14:30,GRADE_CHANGE,GSM100 → GSM120
2025-10-26 02:18:30,GRADE_CHANGE,GSM120 → GSM80
2025-10-26 06:31:30,GRADE_CHANGE,GSM80 → GSM100
2025-10-26 10:39:45,GRADE_CHANGE,GSM100 → GSM120
2025-10-26 12:46:15,GRADE_CHANGE,GSM120 → GSM80
2025-10-26 14:50:30,GRADE_CHANGE,GSM80 → GSM100
2025-10-26 19:04:15,GRADE_CHANGE,GSM100 → GSM120
2025-10-26 23:17:30,GRADE_CHANGE,GSM120 → GSM80
2025-10-27 01:22:15,GRADE_CHANGE,GSM80 → GSM100
2025-10-27 05:42:00,GRADE_CHANGE,GSM100 → GSM120
2025-10-27 07:53:45,GRADE_CHANGE,GSM120 → GSM80
2025-10-27 12:12:15,GRADE_CHANGE,GSM80 → GSM100
2025-10-27 14:17:45,GRADE_CHANGE,GSM100 → GSM120
2025-10-27 16:28:30,MAINTENANCE,Vacuum pump #2 belt replaced
2025-10-27 18:34:30,GRADE_CHANGE,GSM120 → GSM80
2025-10-27 22:50:15,GRADE_CHANGE,GSM80 → GSM100
2025-10-28 03:02:30,GRADE_CHANGE,GSM100 → GSM120
2025-10-28 05:10:45,GRADE_CHANGE,GSM120 → GSM80
2025-10-28 09:16:30,GRADE_CHANGE,GSM80 → GSM100
2025-10-28 11:25:00,GRADE_CHANGE,GSM100 → GSM120
2025-10-28 15:31:30,GRADE_CHANGE,GSM120 → GSM80
2025-10-28 21:53:15,GRADE_CHANGE,GSM80 → GSM100
2025-10-28 23:56:15,GRADE_CHANGE,GSM100 → GSM120
2025-10-29 04:10:45,GRADE_CHANGE,GSM120 → GSM80
2025-10-29 08:23:30,GRADE_CHANGE,GSM80 → GSM100
2025-10-29 12:30:15,GRADE_CHANGE,GSM100 → GSM120
2025-10-29 16:41:15,GRADE_CHANGE,GSM120 → GSM80
2025-10-29 18:44:45,GRADE_CHANGE,GSM80 → GSM100
2025-10-29 20:54:45,GRADE_CHANGE,GSM100 → GSM120
2025-10-30 03:16:45,GRADE_CHANGE,GSM120 → GSM80
2025-10-30 07:30:30,GRADE_CHANGE,GSM80 → GSM100
2025-10-30 11:45:15,GRADE_CHANGE,GSM100 → GSM120
2025-10-30 15:51:30,GRADE_CHANGE,GSM120 → GSM80
2025-10-30 17:54:00,GRADE_CHANGE,GSM80 → GSM100
2025-10-30 22:04:15,GRADE_CHANGE,GSM100 → GSM120
2025-10-31 02:19:15,GRADE_CHANGE,GSM120 → GSM80
2025-10-31 08:44:30,GRADE_CHANGE,GSM80 → GSM100
2025-10-31 12:58:00,GRADE_CHANGE,GSM100 → GSM120
2025-10-31 17:11:45,GRADE_CHANGE,GSM120 → GSM80
2025-10-31 19:24:45,GRADE_CHANGE,GSM80 → GSM100
2025-10-31 21:29:45,GRADE_CHANGE,GSM100 → GSM120
2025-11-01 03:48:15,GRADE_CHANGE,GSM120 → GSM80
2025-11-01 06:01:30,GRADE_CHANGE,GSM80 → GSM100
2025-11-01 08:07:45,GRADE_CHANGE,GSM100 → GSM120
2025-11-01 12:27:15,GRADE_CHANGE,GSM120 → GSM80
2025-11-01 16:44:15,GRADE_CHANGE,GSM80 → GSM100
2025-11-01 18:45:00,GRADE_CHANGE,GSM100 → GSM120
2025-11-01 20:49:00,GRADE_CHANGE,GSM120 → GSM80
2025-11-02 01:04:00,GRADE_CHANGE,GSM80 → GSM100
2025-11-02 05:14:15,GRADE_CHANGE,GSM100 → GSM120
2025-11-02 09:28:00,GRADE_CHANGE,GSM120 → GSM80
2025-11-02 11:33:15,GRADE_CHANGE,GSM80 → GSM100
2025-11-02 15:38:30,GRADE_CHANGE,GSM100 → GSM120
2025-11-02 17:45:45,GRADE_CHANGE,GSM120 → GSM80
2025-11-02 21:55:30,GRADE_CHANGE,GSM80 → GSM100
2025-11-03 02:07:30,GRADE_CHANGE,GSM100 → GSM120
2025-11-03 06:23:00,GRADE_CHANGE,GSM120 → GSM80
2025-11-03 10:33:45,GRADE_CHANGE,GSM80 → GSM100
2025-11-03 14:42:00,GRADE_CHANGE,GSM100 → GSM120
2025-11-03 18:51:30,GRADE_CHANGE,GSM120 → GSM80
2025-11-03 20:57:15,GRADE_CHANGE,GSM80 → GSM100
2025-11-04 01:08:15,GRADE_CHANGE,GSM100 → GSM120
2025-11-04 03:10:00,GRADE_CHANGE,GSM120 → GSM80
2025-11-04 05:15:30,GRADE_CHANGE,GSM80 → GSM100
2025-11-04 11:34:30,GRADE_CHANGE,GSM100 → GSM120
2025-11-04 15:46:45,GRADE_CHANGE,GSM120 → GSM80
2025-11-04 20:00:30,GRADE_CHANGE,GSM80 → GSM100
2025-11-05 00:25:15,GRADE_CHANGE,GSM100 → GSM120
2025-11-05 04:38:15,GRADE_CHANGE,GSM120 → GSM80
2025-11-05 08:53:30,GRADE_CHANGE,GSM80 → GSM100
2025-11-05 13:09:00,GRADE_CHANGE,GSM100 → GSM120
2025-11-05 15:17:30,GRADE_CHANGE,GSM120 → GSM80
2025-11-05 19:29:30,GRADE_CHANGE,GSM80 → GSM100
2025-11-05 23:44:15,GRADE_CHANGE,GSM100 → GSM120
2025-11-06 01:55:45,GRADE_CHANGE,GSM120 → GSM80
2025-11-06 04:00:30,GRADE_CHANGE,GSM80 → GSM100
2025-11-06 08:15:00,GRADE_CHANGE,GSM100 → GSM120
2025-11-06 10:23:15,GRADE_CHANGE,GSM120 → GSM80
2025-11-06 16:46:00,GRADE_CHANGE,GSM80 → GSM100
2025-11-06 20:55:15,GRADE_CHANGE,GSM100 → GSM120
2025-11-07 03:14:45,GRADE_CHANGE,GSM120 → GSM80
2025-11-07 05:23:00,GRADE_CHANGE,GSM80 → GSM100
2025-11-07 07:30:15,GRADE_CHANGE,GSM100 → GSM120
2025-11-07 11:44:00,GRADE_CHANGE,GSM120 → GSM80
2025-11-07 16:02:45,GRADE_CHANGE,GSM80 → GSM100
2025-11-07 22:22:30,GRADE_CHANGE,GSM100 → GSM120
2025-11-08 02:32:45,GRADE_CHANGE,GSM120 → GSM80
2025-11-08 06:43:15,GRADE_CHANGE,GSM80 → GSM100
2025-11-08 11:07:45,GRADE_CHANGE,GSM100 → GSM120
2025-11-08 13:13:00,GRADE_CHANGE,GSM120 → GSM80
2025-11-08 19:37:00,GRADE_CHANGE,GSM80 → GSM100
2025-11-08 21:39:00,GRADE_CHANGE,GSM100 → GSM120
2025-11-08 23:45:30,GRADE_CHANGE,GSM120 → GSM80
2025-11-09 03:59:00,GRADE_CHANGE,GSM80 → GSM100
2025-11-09 08:11:45,GRADE_CHANGE,GSM100 → GSM120
2025-11-09 12:21:30,GRADE_CHANGE,GSM120 → GSM80
2025-11-09 16:31:15,GRADE_CHANGE,GSM80 → GSM100
2025-11-09 18:38:45,GRADE_CHANGE,GSM100 → GSM120
2025-11-09 22:46:15,GRADE_CHANGE,GSM120 → GSM80
2025-11-10 05:05:00,GRADE_CHANGE,GSM80 → GSM100
2025-11-10 07:15:15,GRADE_CHANGE,GSM100 → GSM120
2025-11-10 11:23:15,GRADE_CHANGE,GSM120 → GSM80
2025-11-10 15:39:30,GRADE_CHANGE,GSM80 → GSM100
2025-11-10 19:57:45,GRADE_CHANGE,GSM100 → GSM120
2025-11-11 00:09:00,GRADE_CHANGE,GSM120 → GSM80
2025-11-11 04:19:45,GRADE_CHANGE,GSM80 → GSM100
2025-11-11 08:31:00,GRADE_CHANGE,GSM100 → GSM120
2025-11-11 10:35:30,GRADE_CHANGE,GSM120 → GSM80
2025-11-11 14:48:00,GRADE_CHANGE,GSM80 → GSM100
2025-11-11 21:10:45,GRADE_CHANGE,GSM100 → GSM120
2025-11-12 01:25:45,GRADE_CHANGE,GSM120 → GSM80
2025-11-12 05:46:30,GRADE_CHANGE,GSM80 → GSM100
2025-11-12 10:04:45,GRADE_CHANGE,GSM100 → GSM120
2025-11-12 12:07:45,CALIBRATION,Headbox pressure transmitter recalibrated (offset +0.35 kPa)
2025-11-12 14:16:15,GRADE_CHANGE,GSM120 → GSM80
2025-11-12 18:34:15,GRADE_CHANGE,GSM80 → GSM100
2025-11-12 22:51:15,GRADE_CHANGE,GSM100 → GSM120
2025-11-13 02:59:00,GRADE_CHANGE,GSM120 → GSM80
2025-11-13 07:15:30,GRADE_CHANGE,GSM80 → GSM100
2025-11-13 13:45:00,GRADE_CHANGE,GSM100 → GSM120
2025-11-13 15:52:00,GRADE_CHANGE,GSM120 → GSM80
2025-11-13 20:00:30,GRADE_CHANGE,GSM80 → GSM100
2025-11-13 22:10:45,GRADE_CHANGE,GSM100 → GSM120
2025-11-14 02:23:30,GRADE_CHANGE,GSM120 → GSM80
2025-11-14 04:31:45,GRADE_CHANGE,GSM80 → GSM100
2025-11-14 06:44:30,GRADE_CHANGE,GSM100 → GSM120
2025-11-14 10:56:45,GRADE_CHANGE,GSM120 → GSM80
2025-11-14 15:14:45,GRADE_CHANGE,GSM80 → GSM100
2025-11-14 17:16:30,GRADE_CHANGE,GSM100 → GSM120
2025-11-14 21:33:30,GRADE_CHANGE,GSM120 → GSM80
2025-11-14 23:35:30,GRADE_CHANGE,GSM80 → GSM100
2025-11-15 03:42:45,GRADE_CHANGE,GSM100 → GSM120
2025-11-15 05:54:45,GRADE_CHANGE,GSM120 → GSM80
2025-11-15 10:07:15,GRADE_CHANGE,GSM80 → GSM100
2025-11-15 12:14:15,GRADE_CHANGE,GSM100 → GSM120
2025-11-15 16:31:15,GRADE_CHANGE,GSM120 → GSM80
2025-11-15 20:41:15,GRADE_CHANGE,GSM80 → GSM100
2025-11-16 00:51:00,GRADE_CHANGE,GSM100 → GSM120
2025-11-16 03:00:15,GRADE_CHANGE,GSM120 → GSM80
2025-11-16 05:04:15,GRADE_CHANGE,GSM80 → GSM100
2025-11-16 09:14:30,GRADE_CHANGE,GSM100 → GSM120
2025-11-16 11:20:00,GRADE_CHANGE,GSM120 → GSM80
2025-11-16 15:38:45,GRADE_CHANGE,GSM80 → GSM100
2025-11-16 19:52:15,GRADE_CHANGE,GSM100 → GSM120
2025-11-17 02:21:30,GRADE_CHANGE,GSM120 → GSM80
2025-11-17 06:37:30,GRADE_CHANGE,GSM80 → GSM100
2025-11-17 08:42:00,GRADE_CHANGE,GSM100 → GSM120
2025-11-17 12:56:30,GRADE_CHANGE,GSM120 → GSM80
2025-11-17 17:11:15,GRADE_CHANGE,GSM80 → GSM100
2025-11-17 19:17:00,GRADE_CHANGE,GSM100 → GSM120
2025-11-17 23:38:15,GRADE_CHANGE,GSM120 → GSM80
2025-11-18 01:41:45,GRADE_CHANGE,GSM80 → GSM100
2025-11-18 05:55:45,GRADE_CHANGE,GSM100 → GSM120
2025-11-18 10:13:45,GRADE_CHANGE,GSM120 → GSM80
2025-11-18 14:25:45,GRADE_CHANGE,GSM80 → GSM100
2025-11-18 18:36:00,GRADE_CHANGE,GSM100 → GSM120
2025-11-18 20:42:45,GRADE_CHANGE,GSM120 → GSM80
2025-11-18 22:45:15,GRADE_CHANGE,GSM80 → GSM100
2025-11-19 02:56:30,GRADE_CHANGE,GSM100 → GSM120
2025-11-19 07:06:30,GRADE_CHANGE,GSM120 → GSM80
2025-11-19 11:18:15,GRADE_CHANGE,GSM80 → GSM100
2025-11-19 15:35:00,GRADE_CHANGE,GSM100 → GSM120
2025-11-19 17:37:15,GRADE_CHANGE,GSM120 → GSM80
2025-11-19 21:47:45,GRADE_CHANGE,GSM80 → GSM100
2025-11-20 04:13:00,GRADE_CHANGE,GSM100 → GSM120
2025-11-20 06:18:30,GRADE_CHANGE,GSM120 → GSM80
2025-11-20 10:31:45,GRADE_CHANGE,GSM80 → GSM100
2025-11-20 14:48:00,GRADE_CHANGE,GSM100 → GSM120
2025-11-20 16:53:45,GRADE_CHANGE,GSM120 → GSM80
2025-11-20 21:01:45,GRADE_CHANGE,GSM80 → GSM100
2025-11-21 01:16:00,GRADE_CHANGE,GSM100 → GSM120
2025-11-21 03:25:30,GRADE_CHANGE,GSM120 → GSM80
2025-11-21 05:37:15,GRADE_CHANGE,GSM80 → GSM100
2025-11-21 07:53:30,GRADE_CHANGE,GSM100 → GSM120
2025-11-21 10:02:45,GRADE_CHANGE,GSM120 → GSM80
2025-11-21 14:15:45,GRADE_CHANGE,GSM80 → GSM100
2025-11-21 20:35:30,GRADE_CHANGE,GSM100 → GSM120
2025-11-21 22:41:45,GRADE_CHANGE,GSM120 → GSM80
2025-11-22 00:45:00,GRADE_CHANGE,GSM80 → GSM100
2025-11-22 04:53:30,GRADE_CHANGE,GSM100 → GSM120
2025-11-22 09:08:30,GRADE_CHANGE,GSM120 → GSM80
2025-11-22 11:15:30,GRADE_CHANGE,GSM80 → GSM100
2025-11-22 15:26:00,GRADE_CHANGE,GSM100 → GSM120
2025-11-22 17:31:30,GRADE_CHANGE,GSM120 → GSM80
2025-11-22 21:48:45,GRADE_CHANGE,GSM80 → GSM100
2025-11-23 02:02:30,GRADE_CHANGE,GSM100 → GSM120
2025-11-23 04:08:30,GRADE_CHANGE,GSM120 → GSM80
2025-11-23 08:15:45,GRADE_CHANGE,GSM80 → GSM100
2025-11-23 12:27:30,GRADE_CHANGE,GSM100 → GSM120
2025-11-23 14:33:30,GRADE_CHANGE,GSM120 → GSM80
2025-11-23 20:55:00,GRADE_CHANGE,GSM80 → GSM100
2025-11-24 01:02:15,GRADE_CHANGE,GSM100 → GSM120
2025-11-24 03:15:00,GRADE_CHANGE,GSM120 → GSM80
2025-11-24 05:27:45,GRADE_CHANGE,GSM80 → GSM100
2025-11-24 09:45:00,GRADE_CHANGE,GSM100 → GSM120
2025-11-24 11:58:15,GRADE_CHANGE,GSM120 → GSM80
2025-11-24 16:08:30,GRADE_CHANGE,GSM80 → GSM100
2025-11-24 20:20:00,GRADE_CHANGE,GSM100 → GSM120
2025-11-25 00:34:45,GRADE_CHANGE,GSM120 → GSM80
2025-11-25 04:47:00,GRADE_CHANGE,GSM80 → GSM100
2025-11-25 08:52:45,GRADE_CHANGE,GSM100 → GSM120
2025-11-25 10:58:30,GRADE_CHANGE,GSM120 → GSM80
2025-11-25 15:12:45,GRADE_CHANGE,GSM80 → GSM100
2025-11-25 21:27:45,GRADE_CHANGE,GSM100 → GSM120
2025-11-25 23:38:15,GRADE_CHANGE,GSM120 → GSM80
2025-11-26 05:57:15,GRADE_CHANGE,GSM80 → GSM100
2025-11-26 10:15:00,GRADE_CHANGE,GSM100 → GSM120
2025-11-26 12:20:30,GRADE_CHANGE,GSM120 → GSM80
2025-11-26 14:24:00,GRADE_CHANGE,GSM80 → GSM100
2025-11-26 16:30:00,GRADE_CHANGE,GSM100 → GSM120
2025-11-26 18:31:30,GRADE_CHANGE,GSM120 → GSM80
2025-11-26 22:45:30,GRADE_CHANGE,GSM80 → GSM100
2025-11-27 02:55:45,GRADE_CHANGE,GSM100 → GSM120
2025-11-27 04:58:45,GRADE_CHANGE,GSM120 → GSM80
2025-11-27 07:06:00,GRADE_CHANGE,GSM80 → GSM100
2025-11-27 11:19:00,GRADE_CHANGE,GSM100 → GSM120
2025-11-27 13:28:30,GRADE_CHANGE,GSM120 → GSM80
2025-11-27 19:47:45,GRADE_CHANGE,GSM80 → GSM100
2025-11-27 21:49:45,GRADE_CHANGE,GSM100 → GSM120
2025-11-27 23:59:30,GRADE_CHANGE,GSM120 → GSM80
2025-11-28 04:16:00,GRADE_CHANGE,GSM80 → GSM100
2025-11-28 08:32:30,GRADE_CHANGE,GSM100 → GSM120
2025-11-28 08:32:30,BOIL_OUT,Approach system boil-out (acid wash)
2025-11-28 14:53:45,GRADE_CHANGE,GSM120 → GSM80
2025-11-28 19:05:30,GRADE_CHANGE,GSM80 → GSM100
2025-11-28 23:19:00,GRADE_CHANGE,GSM100 → GSM120
2025-11-29 01:29:00,GRADE_CHANGE,GSM120 → GSM80
2025-11-29 05:44:45,GRADE_CHANGE,GSM80 → GSM100
2025-11-29 10:00:30,GRADE_CHANGE,GSM100 → GSM120
2025-11-29 14:16:30,GRADE_CHANGE,GSM120 → GSM80
2025-11-29 18:28:30,GRADE_CHANGE,GSM80 → GSM100
2025-11-29 22:42:00,GRADE_CHANGE,GSM100 → GSM120
2025-11-30 00:50:00,GRADE_CHANGE,GSM120 → GSM80
2025-11-30 07:23:00,GRADE_CHANGE,GSM80 → GSM100
2025-11-30 09:27:15,GRADE_CHANGE,GSM100 → GSM120
2025-11-30 15:53:45,GRADE_CHANGE,GSM120 → GSM80
2025-11-30 20:12:00,GRADE_CHANGE,GSM80 → GSM100
2025-11-30 22:14:15,GRADE_CHANGE,GSM100 → GSM120
2025-12-01 03:38:15,BREAK,Paper break at press section
2025-12-01 04:38:30,GRADE_CHANGE,GSM120 → GSM80
2025-12-01 08:51:15,GRADE_CHANGE,GSM80 → GSM100
2025-12-01 10:58:45,GRADE_CHANGE,GSM100 → GSM120
2025-12-01 15:11:00,GRADE_CHANGE,GSM120 → GSM80
2025-12-01 19:24:15,GRADE_CHANGE,GSM80 → GSM100
2025-12-01 23:43:15,GRADE_CHANGE,GSM100 → GSM120
2025-12-02 04:01:30,GRADE_CHANGE,GSM120 → GSM80
2025-12-02 08:16:30,GRADE_CHANGE,GSM80 → GSM100
2025-12-02 12:35:45,GRADE_CHANGE,GSM100 → GSM120
2025-12-02 14:41:30,GRADE_CHANGE,GSM120 → GSM80
2025-12-02 18:57:15,GRADE_CHANGE,GSM80 → GSM100
2025-12-02 21:06:00,GRADE_CHANGE,GSM100 → GSM120
2025-12-02 23:10:15,GRADE_CHANGE,GSM120 → GSM80
2025-12-03 05:33:00,GRADE_CHANGE,GSM80 → GSM100
2025-12-03 09:52:00,GRADE_CHANGE,GSM100 → GSM120
2025-12-03 14:02:45,GRADE_CHANGE,GSM120 → GSM80
2025-12-03 18:14:45,GRADE_CHANGE,GSM80 → GSM100
2025-12-03 22:25:00,GRADE_CHANGE,GSM100 → GSM120
2025-12-04 00:30:30,GRADE_CHANGE,GSM120 → GSM80
2025-12-04 04:43:00,GRADE_CHANGE,GSM80 → GSM100
2025-12-04 09:00:00,GRADE_CHANGE,GSM100 → GSM120
2025-12-04 13:15:30,GRADE_CHANGE,GSM120 → GSM80
2025-12-04 17:26:15,GRADE_CHANGE,GSM80 → GSM100
2025-12-04 21:43:30,GRADE_CHANGE,GSM100 → GSM120
2025-12-04 23:54:00,GRADE_CHANGE,GSM120 → GSM80
2025-12-05 04:10:30,GRADE_CHANGE,GSM80 → GSM100
2025-12-05 06:17:15,GRADE_CHANGE,GSM100 → GSM120
2025-12-05 10:26:30,GRADE_CHANGE,GSM120 → GSM80
2025-12-05 14:35:15,GRADE_CHANGE,GSM80 → GSM100
2025-12-05 18:49:45,GRADE_CHANGE,GSM100 → GSM120
2025-12-05 20:55:00,GRADE_CHANGE,GSM120 → GSM80
2025-12-06 01:07:30,GRADE_CHANGE,GSM80 → GSM100
2025-12-06 03:09:00,GRADE_CHANGE,GSM100 → GSM120
2025-12-06 07:18:15,GRADE_CHANGE,GSM120 → GSM80
2025-12-06 11:37:30,GRADE_CHANGE,GSM80 → GSM100
2025-12-06 13:40:45,GRADE_CHANGE,GSM100 → GSM120
2025-12-06 15:44:30,GRADE_CHANGE,GSM120 → GSM80
2025-12-06 19:47:45,GRADE_CHANGE,GSM80 → GSM100
2025-12-06 22:00:15,GRADE_CHANGE,GSM100 → GSM120
2025-12-07 02:13:45,GRADE_CHANGE,GSM120 → GSM80
2025-12-07 08:31:15,GRADE_CHANGE,GSM80 → GSM100
2025-12-07 10:39:15,GRADE_CHANGE,GSM100 → GSM120
2025-12-07 12:45:45,GRADE_CHANGE,GSM120 → GSM80
2025-12-07 16:59:15,GRADE_CHANGE,GSM80 → GSM100
2025-12-07 21:12:30,GRADE_CHANGE,GSM100 → GSM120
2025-12-07 23:26:15,GRADE_CHANGE,GSM120 → GSM80
2025-12-08 05:41:45,GRADE_CHANGE,GSM80 → GSM100
2025-12-08 09:54:30,GRADE_CHANGE,GSM100 → GSM120
2025-12-08 14:14:00,GRADE_CHANGE,GSM120 → GSM80
2025-12-08 20:35:15,GRADE_CHANGE,GSM80 → GSM100
2025-12-08 22:40:45,GRADE_CHANGE,GSM100 → GSM120
2025-12-09 00:47:00,GRADE_CHANGE,GSM120 → GSM80
2025-12-09 05:03:45,GRADE_CHANGE,GSM80 → GSM100
2025-12-09 09:17:30,GRADE_CHANGE,GSM100 → GSM120
2025-12-09 13:28:30,GRADE_CHANGE,GSM120 → GSM80
2025-12-09 17:43:00,GRADE_CHANGE,GSM80 → GSM100
2025-12-09 19:52:15,GRADE_CHANGE,GSM100 → GSM120
2025-12-10 00:07:30,GRADE_CHANGE,GSM120 → GSM80
2025-12-10 02:16:30,GRADE_CHANGE,GSM80 → GSM100
2025-12-10 06:35:15,GRADE_CHANGE,GSM100 → GSM120
2025-12-10 08:39:00,GRADE_CHANGE,GSM120 → GSM80
2025-12-10 10:47:15,GRADE_CHANGE,GSM80 → GSM100
2025-12-10 12:57:00,GRADE_CHANGE,GSM100 → GSM120
2025-12-10 17:04:30,GRADE_CHANGE,GSM120 → GSM80
2025-12-10 21:13:00,GRADE_CHANGE,GSM80 → GSM100
2025-12-11 01:23:45,GRADE_CHANGE,GSM100 → GSM120
2025-12-11 07:46:00,GRADE_CHANGE,GSM120 → GSM80
2025-12-11 09:52:00,GRADE_CHANGE,GSM80 → GSM100
2025-12-11 14:00:45,GRADE_CHANGE,GSM100 → GSM120
2025-12-11 18:14:30,GRADE_CHANGE,GSM120 → GSM80
2025-12-11 20:27:15,GRADE_CHANGE,GSM80 → GSM100
2025-12-12 02:53:00,GRADE_CHANGE,GSM100 → GSM120
2025-12-12 05:00:15,GRADE_CHANGE,GSM120 → GSM80
2025-12-12 09:22:00,GRADE_CHANGE,GSM80 → GSM100
2025-12-12 11:29:00,GRADE_CHANGE,GSM100 → GSM120
2025-12-12 15:47:30,GRADE_CHANGE,GSM120 → GSM80
2025-12-12 19:55:15,GRADE_CHANGE,GSM80 → GSM100
2025-12-13 02:13:15,GRADE_CHANGE,GSM100 → GSM120
2025-12-13 04:21:45,GRADE_CHANGE,GSM120 → GSM80
2025-12-13 08:31:45,GRADE_CHANGE,GSM80 → GSM100
2025-12-13 12:47:00,GRADE_CHANGE,GSM100 → GSM120
2025-12-13 17:03:30,GRADE_CHANGE,GSM120 → GSM80
2025-12-13 21:19:00,GRADE_CHANGE,GSM80 → GSM100
2025-12-14 01:30:15,GRADE_CHANGE,GSM100 → GSM120
2025-12-14 05:41:30,GRADE_CHANGE,GSM120 → GSM80
2025-12-14 07:43:45,GRADE_CHANGE,GSM80 → GSM100
2025-12-14 11:58:30,GRADE_CHANGE,GSM100 → GSM120
2025-12-14 18:15:45,GRADE_CHANGE,GSM120 → GSM80
2025-12-14 20:24:00,GRADE_CHANGE,GSM80 → GSM100
2025-12-14 22:32:45,GRADE_CHANGE,GSM100 → GSM120
2025-12-15 04:46:45,GRADE_CHANGE,GSM120 → GSM80
2025-12-15 09:02:30,GRADE_CHANGE,GSM80 → GSM100
2025-12-15 13:14:30,GRADE_CHANGE,GSM100 → GSM120
2025-12-15 17:24:00,GRADE_CHANGE,GSM120 → GSM80
2025-12-15 19:31:45,GRADE_CHANGE,GSM80 → GSM100
2025-12-15 21:39:45,GRADE_CHANGE,GSM100 → GSM120
2025-12-16 01:46:30,GRADE_CHANGE,GSM120 → GSM80
2025-12-16 03:57:15,GRADE_CHANGE,GSM80 → GSM100
2025-12-16 08:11:30,GRADE_CHANGE,GSM100 → GSM120
2025-12-16 10:18:00,GRADE_CHANGE,GSM120 → GSM80
2025-12-16 16:37:00,GRADE_CHANGE,GSM80 → GSM100
2025-12-16 20:45:45,GRADE_CHANGE,GSM100 → GSM120
2025-12-17 00:56:15,GRADE_CHANGE,GSM120 → GSM80
2025-12-17 05:08:45,GRADE_CHANGE,GSM80 → GSM100
2025-12-17 09:22:00,GRADE_CHANGE,GSM100 → GSM120
2025-12-17 13:40:00,GRADE_CHANGE,GSM120 → GSM80
2025-12-17 17:59:00,GRADE_CHANGE,GSM80 → GSM100
2025-12-17 20:09:00,GRADE_CHANGE,GSM100 → GSM120
2025-12-18 00:26:30,GRADE_CHANGE,GSM120 → GSM80
2025-12-18 06:44:45,GRADE_CHANGE,GSM80 → GSM100
2025-12-18 11:00:30,GRADE_CHANGE,GSM100 → GSM120
2025-12-18 15:14:30,GRADE_CHANGE,GSM120 → GSM80
2025-12-18 19:33:00,GRADE_CHANGE,GSM80 → GSM100
2025-12-18 23:42:45,GRADE_CHANGE,GSM100 → GSM120
2025-12-19 03:56:00,GRADE_CHANGE,GSM120 → GSM80
2025-12-19 08:07:45,GRADE_CHANGE,GSM80 → GSM100
2025-12-19 10:14:15,GRADE_CHANGE,GSM100 → GSM120
2025-12-19 12:21:00,GRADE_CHANGE,GSM120 → GSM80
2025-12-19 16:36:15,GRADE_CHANGE,GSM80 → GSM100
2025-12-19 20:47:30,GRADE_CHANGE,GSM100 → GSM120
2025-12-20 03:13:45,GRADE_CHANGE,GSM120 → GSM80
2025-12-20 05:14:30,GRADE_CHANGE,GSM80 → GSM100
2025-12-20 09:24:30,GRADE_CHANGE,GSM100 → GSM120
2025-12-20 11:30:45,GRADE_CHANGE,GSM120 → GSM80
2025-12-20 17:48:45,GRADE_CHANGE,GSM80 → GSM100
2025-12-20 21:58:15,GRADE_CHANGE,GSM100 → GSM120
2025-12-21 02:11:45,GRADE_CHANGE,GSM120 → GSM80
2025-12-21 06:26:30,GRADE_CHANGE,GSM80 → GSM100
2025-12-21 10:46:30,GRADE_CHANGE,GSM100 → GSM120
2025-12-21 12:48:45,GRADE_CHANGE,GSM120 → GSM80
2025-12-21 14:52:45,GRADE_CHANGE,GSM80 → GSM100
2025-12-21 19:03:00,GRADE_CHANGE,GSM100 → GSM120
2025-12-22 01:12:45,GRADE_CHANGE,GSM120 → GSM80
2025-12-22 05:21:45,GRADE_CHANGE,GSM80 → GSM100
2025-12-22 09:30:45,GRADE_CHANGE,GSM100 → GSM120
2025-12-22 13:40:30,GRADE_CHANGE,GSM120 → GSM80
2025-12-22 17:54:00,GRADE_CHANGE,GSM80 → GSM100
2025-12-23 00:17:00,GRADE_CHANGE,GSM100 → GSM120
2025-12-23 04:34:00,GRADE_CHANGE,GSM120 → GSM80
2025-12-23 08:47:00,GRADE_CHANGE,GSM80 → GSM100
2025-12-23 11:00:00,GRADE_CHANGE,GSM100 → GSM120
2025-12-23 13:09:15,GRADE_CHANGE,GSM120 → GSM80
2025-12-23 19:28:45,GRADE_CHANGE,GSM80 → GSM100
2025-12-23 23:39:45,GRADE_CHANGE,GSM100 → GSM120
2025-12-24 01:49:30,GRADE_CHANGE,GSM120 → GSM80
2025-12-24 06:07:15,GRADE_CHANGE,GSM80 → GSM100
2025-12-24 10:21:15,GRADE_CHANGE,GSM100 → GSM120
2025-12-24 12:23:30,GRADE_CHANGE,GSM120 → GSM80
2025-12-24 16:39:45,GRADE_CHANGE,GSM80 → GSM100
2025-12-24 20:53:15,GRADE_CHANGE,GSM100 → GSM120
2025-12-24 23:01:15,GRADE_CHANGE,GSM120 → GSM80
2025-12-25 05:16:00,GRADE_CHANGE,GSM80 → GSM100
2025-12-25 07:23:00,GRADE_CHANGE,GSM100 → GSM120
2025-12-25 13:43:00,GRADE_CHANGE,GSM120 → GSM80
2025-12-25 15:55:45,GRADE_CHANGE,GSM80 → GSM100
2025-12-25 20:06:30,GRADE_CHANGE,GSM100 → GSM120
2025-12-26 02:23:30,GRADE_CHANGE,GSM120 → GSM80
2025-12-26 04:30:30,GRADE_CHANGE,GSM80 → GSM100
2025-12-26 06:39:00,GRADE_CHANGE,GSM100 → GSM120
2025-12-26 08:43:45,GRADE_CHANGE,GSM120 → GSM80
2025-12-26 12:59:15,GRADE_CHANGE,GSM80 → GSM100
2025-12-26 17:16:00,GRADE_CHANGE,GSM100 → GSM120
2025-12-26 21:26:15,GRADE_CHANGE,GSM120 → GSM80
2025-12-27 01:33:00,GRADE_CHANGE,GSM80 → GSM100
2025-12-27 03:35:30,GRADE_CHANGE,GSM100 → GSM120
2025-12-27 05:44:45,GRADE_CHANGE,GSM120 → GSM80
2025-12-27 07:51:15,GRADE_CHANGE,GSM80 → GSM100
2025-12-27 12:14:30,GRADE_CHANGE,GSM100 → GSM120
2025-12-27 16:22:00,GRADE_CHANGE,GSM120 → GSM80
2025-12-27 20:36:00,GRADE_CHANGE,GSM80 → GSM100
2025-12-28 00:57:45,GRADE_CHANGE,GSM100 → GSM120
2025-12-28 03:08:30,GRADE_CHANGE,GSM120 → GSM80
2025-12-28 07:25:00,GRADE_CHANGE,GSM80 → GSM100
2025-12-28 11:35:00,GRADE_CHANGE,GSM100 → GSM120
2025-12-28 15:48:45,GRADE_CHANGE,GSM120 → GSM80
2025-12-28 20:02:15,GRADE_CHANGE,GSM80 → GSM100
2025-12-29 00:16:30,GRADE_CHANGE,GSM100 → GSM120
2025-12-29 06:27:30,GRADE_CHANGE,GSM120 → GSM80
2025-12-29 08:30:00,GRADE_CHANGE,GSM80 → GSM100
2025-12-29 12:41:45,GRADE_CHANGE,GSM100 → GSM120
2025-12-29 16:55:00,GRADE_CHANGE,GSM120 → GSM80
2025-12-29 19:02:15,GRADE_CHANGE,GSM80 → GSM100
2025-12-29 23:21:00,GRADE_CHANGE,GSM100 → GSM120
2025-12-30 03:42:30,GRADE_CHANGE,GSM120 → GSM80
2025-12-30 07:57:30,GRADE_CHANGE,GSM80 → GSM100
2025-12-30 12:15:15,GRADE_CHANGE,GSM100 → GSM120
2025-12-30 16:19:00,GRADE_CHANGE,GSM120 → GSM80
2025-12-30 18:24:15,GRADE_CHANGE,GSM80 → GSM100
2025-12-30 20:35:00,GRADE_CHANGE,GSM100 → GSM120
2025-12-30 22:39:45,GRADE_CHANGE,GSM120 → GSM80
2025-12-31 00:51:30,GRADE_CHANGE,GSM80 → GSM100
2025-12-31 04:56:15,GRADE_CHANGE,GSM100 → GSM120
2025-12-31 07:04:30,GRADE_CHANGE,GSM120 → GSM80
2025-12-31 11:25:30,GRADE_CHANGE,GSM80 → GSM100
2025-12-31 13:30:30,GRADE_CHANGE,GSM100 → GSM120
2025-12-31 17:52:00,GRADE_CHANGE,GSM120 → GSM80
2025-12-31 22:07:30,GRADE_CHANGE,GSM80 → GSM100
2026-01-01 02:14:45,GRADE_CHANGE,GSM100 → GSM120
2026-01-01 06:24:15,GRADE_CHANGE,GSM120 → GSM80
2026-01-01 08:32:00,GRADE_CHANGE,GSM80 → GSM100
2026-01-01 10:39:15,GRADE_CHANGE,GSM100 → GSM120
2026-01-01 12:45:15,GRADE_CHANGE,GSM120 → GSM80
2026-01-01 14:54:00,GRADE_CHANGE,GSM80 → GSM100
2026-01-01 19:04:15,GRADE_CHANGE,GSM100 → GSM120
2026-01-01 21:10:30,GRADE_CHANGE,GSM120 → GSM80
2026-01-01 23:14:45,GRADE_CHANGE,GSM80 → GSM100
2026-01-02 01:20:30,GRADE_CHANGE,GSM100 → GSM120
2026-01-02 05:28:45,GRADE_CHANGE,GSM120 → GSM80
2026-01-02 07:38:00,GRADE_CHANGE,GSM80 → GSM100
2026-01-02 11:47:30,GRADE_CHANGE,GSM100 → GSM120
2026-01-02 15:53:30,GRADE_CHANGE,GSM120 → GSM80
2026-01-02 20:11:45,GRADE_CHANGE,GSM80 → GSM100
2026-01-02 22:15:45,GRADE_CHANGE,GSM100 → GSM120
2026-01-03 02:28:00,GRADE_CHANGE,GSM120 → GSM80
2026-01-03 06:39:00,GRADE_CHANGE,GSM80 → GSM100
2026-01-03 08:49:30,GRADE_CHANGE,GSM100 → GSM120
2026-01-03 13:01:00,GRADE_CHANGE,GSM120 → GSM80
2026-01-03 19:13:15,GRADE_CHANGE,GSM80 → GSM100
2026-01-03 21:19:15,GRADE_CHANGE,GSM100 → GSM120
2026-01-03 23:28:30,GRADE_CHANGE,GSM120 → GSM80
2026-01-04 03:45:15,GRADE_CHANGE,GSM80 → GSM100
